{"cameraMode":{"drawMode":0,"name":"Shaded","section":"Shading Mode"},"sceneLighting":false,"audioPlay":false,"sceneViewState":{"m_AlwaysRefresh":false,"showFog":true,"showSkybox":false,"showFlares":true,"showImageEffects":true,"showParticleSystems":true,"showVisualEffectGraphs":true,"m_FxEnabled":true},"in2DMode":false,"pivot":{"x":-0.10759508609771729,"y":2.357503890991211,"z":0.5838639736175537},"rotation":{"x":-0.17891056835651399,"y":0.1371196210384369,"z":-0.02437438629567623,"w":-0.9742268919944763},"size":2.9014909267425539,"orthographic":false}