{"cameraMode":{"drawMode":0,"name":"Shaded","section":"Shading Mode"},"sceneLighting":true,"audioPlay":false,"sceneViewState":{"m_AlwaysRefresh":false,"showFog":true,"showSkybox":true,"showFlares":true,"showImageEffects":true,"showParticleSystems":true,"showVisualEffectGraphs":true,"m_FxEnabled":true},"in2DMode":false,"pivot":{"x":46.400543212890628,"y":0.05185825377702713,"z":4.041400909423828},"rotation":{"x":-0.09913449734449387,"y":0.9007275700569153,"z":-0.29358941316604617,"w":-0.3049272894859314},"size":3.4036617279052736,"orthographic":false}