{"cameraMode":{"drawMode":0,"name":"Shaded","section":"Shading Mode"},"sceneLighting":true,"audioPlay":false,"sceneViewState":{"m_AlwaysRefresh":false,"showFog":true,"showSkybox":true,"showFlares":true,"showImageEffects":true,"showParticleSystems":true,"showVisualEffectGraphs":true,"m_FxEnabled":true},"in2DMode":false,"pivot":{"x":45.56385803222656,"y":-2.8357455730438234,"z":16.68136978149414},"rotation":{"x":-0.18081122636795045,"y":0.0035371507983654739,"z":-0.0006572902202606201,"w":-0.9835290312767029},"size":9.200754165649414,"orthographic":false}