{"cameraMode":{"drawMode":0,"name":"Shaded","section":"Shading Mode"},"sceneLighting":true,"audioPlay":false,"sceneViewState":{"m_AlwaysRefresh":false,"showFog":true,"showSkybox":true,"showFlares":true,"showImageEffects":true,"showParticleSystems":true,"showVisualEffectGraphs":true,"m_FxEnabled":true},"in2DMode":false,"pivot":{"x":56.79979705810547,"y":5.996512413024902,"z":13.854626655578614},"rotation":{"x":0.04204859212040901,"y":0.27944692969322207,"z":-0.012247545644640923,"w":0.9591677188873291},"size":3.2137210369110109,"orthographic":false}