{"cameraMode":{"drawMode":0,"name":"Shaded","section":"Shading Mode"},"sceneLighting":false,"audioPlay":false,"sceneViewState":{"m_AlwaysRefresh":false,"showFog":true,"showSkybox":false,"showFlares":true,"showImageEffects":true,"showParticleSystems":true,"showVisualEffectGraphs":true,"m_FxEnabled":true},"in2DMode":false,"pivot":{"x":6.375696659088135,"y":1.345381736755371,"z":-1.2607500553131104},"rotation":{"x":-0.3155367374420166,"y":0.021703705191612245,"z":-0.0066201891750097279,"w":-0.9489140510559082},"size":1.058608055114746,"orthographic":false}