{"cameraMode":{"drawMode":0,"name":"Shaded","section":"Shading Mode"},"sceneLighting":false,"audioPlay":false,"sceneViewState":{"m_AlwaysRefresh":false,"showFog":true,"showSkybox":false,"showFlares":true,"showImageEffects":true,"showParticleSystems":true,"showVisualEffectGraphs":true,"m_FxEnabled":true},"in2DMode":false,"pivot":{"x":-0.34377098083496096,"y":-0.04828929901123047,"z":-3.766935348510742},"rotation":{"x":-0.05863833799958229,"y":0.5202224254608154,"z":-0.036307916045188907,"w":-0.851457953453064},"size":25.063554763793947,"orthographic":false}