{"cameraMode":{"drawMode":0,"name":"Shaded","section":"Shading Mode"},"sceneLighting":false,"audioPlay":false,"sceneViewState":{"m_AlwaysRefresh":false,"showFog":true,"showSkybox":false,"showFlares":true,"showImageEffects":true,"showParticleSystems":true,"showVisualEffectGraphs":true,"m_FxEnabled":true},"in2DMode":false,"pivot":{"x":-0.05369493365287781,"y":-0.17941224575042725,"z":0.056048035621643069},"rotation":{"x":-0.06749660521745682,"y":0.8462743759155273,"z":-0.11129661649465561,"w":-0.5169587731361389},"size":7.1131086349487309,"orthographic":false}