{"cameraMode":{"drawMode":0,"name":"Shaded","section":"Shading Mode"},"sceneLighting":false,"audioPlay":false,"sceneViewState":{"m_AlwaysRefresh":false,"showFog":true,"showSkybox":false,"showFlares":true,"showImageEffects":true,"showParticleSystems":true,"showVisualEffectGraphs":true,"m_FxEnabled":true},"in2DMode":false,"pivot":{"x":-31.205110549926759,"y":4.356814861297607,"z":10.003294944763184},"rotation":{"x":-0.3155367374420166,"y":0.021703705191612245,"z":-0.0066201891750097279,"w":-0.9489140510559082},"size":0.12219522893428803,"orthographic":false}