{"cameraMode":{"drawMode":0,"name":"Shaded","section":"Shading Mode"},"sceneLighting":false,"audioPlay":false,"sceneViewState":{"m_AlwaysRefresh":false,"showFog":true,"showSkybox":false,"showFlares":true,"showImageEffects":true,"showParticleSystems":true,"showVisualEffectGraphs":true,"m_FxEnabled":true},"in2DMode":false,"pivot":{"x":-0.0055839987471699718,"y":0.058154694736003879,"z":-0.0002961084246635437},"rotation":{"x":-0.10253635048866272,"y":0.21343779563903809,"z":-0.021881353110074998,"w":-0.971580445766449},"size":0.1017579510807991,"orthographic":false}